FIPS,State,County,Health_Outcomes_Z-Score_2010,Health_Outcomes_Rank_2010,Health_Factors_Z-Score_2010,Health_Factors_Rank_2010,Mortality_Z-Score_2010,Mortality_Rank_2010,Morbidity_Z-Score_2010,Morbidity_Rank_2010,Health_Behaviors_Z-Score_2010,Health_Behaviors_Rank_2010,Clinical_Care_Z-Score_2010,Clinical_Care_Rank_2010,Social_and_Economic Factors_Z-Score_2010,Social_and_Economic Factors_Rank_2010,Physical_Environment_Z-Score_2010,Physical_Environment_Rank_2010,Smoking_Z-Score_2010,Smoking_Rank_2010,Diet_and_Exercise_Z-Score_2010,Diet_and_Exercise_Rank_2010,Alcohol_Use_Z-Score_2010,Alcohol_Use_Rank_2010,Unsafe_Sex_Z-Score_2010,Unsafe_Sex_Rank_2010,Access_to_Care_Z-Score_2010,Access_to_Care_Rank_2010,Quality_of_Care_Z-Score_2010,Quality_of_Care_Rank_2010,Education_Z-Score_2010,Education_Rank_2010,Employment_Z-Score_2010,Employment_Rank_2010,Income_Z-Score_2010,Income_Rank_2010,Family_and_Social_Support_Z-Score_2010,Family_and_Social_Support_Rank_2010,Community_Safety_Z-Score_2010,Community_Safety_Rank_2010,Air_Quality_Z-Score_2010,Air_Quality_Rank_2010,Built_Environment_Z-Score_2010,Built_Environment_Rank_2010,Premature_death_Deaths_2010,Premature_ death_Aggregate_Population_2010,Premature death_YPLL_Rate_2010,Premature_death_95%_CI_Low_2010,Premature_death_95%_CI_High_2010,Premature_death_Z-Score_2010,Poor_or_fair_health_Sample_Size_2010,Poor_or_fair_health_%_Fair/Poor_2010,Poor_or_fair_health__95%_CI_Low_2010,Poor_or_fair_health_95%_CI_High_2010,Poor_or_fair_health_Z-Score_2010,Poor_physical_health_days_Sample Size_2010,Poor_physical_health_days_Physically_Unhealthy_Days_2010,Poor_physical_health_days_95%_CI_Low_2010,Poor_physical_health_days_95%_CI_High_2010,Poor_physical_health_days_Z-Score_2010,Poor_mental_health_days_Sample_Size_2010,Poor_mental_health_days_Mentally_Unhealthy_Days_2010,Poor_mental_health_days_95%_CI_Low_2010,Poor_mental_health_days_95%_CI_High_2010,Poor_mental_health_days_Z-Score_2010,Low_birthweight_Sample_Size_2010,Low_birthweight_Percentage_LBW_2010,Low_birthweight_95%_CI_Low_2010,Low_birthweight_95%_CI_High_2010,Low_birthweight_Z-Score_2010,Adult_smoking_Sample_Size_2010,Adult_smoking_Percentage_Smokers_2010,Adult_smoking_95%_CI_Low_2010,Adult_smoking_95%_CI_High_2010,Adult_smoking_Z-Score_2010,Adult_obesity_Percentage_Obese_2010,Adult_obesity_95%_CI_Low_2010,Adult_obesity_95%_CI_High_2010,Adult_obesity_Z-Score_2010,Binge_drinking_Sample_Size_2010,Binge_drinking_Percentage_2010,Binge_drinking_95%_CI_Low_2010,Binge_drinking_95%_CI_High_2010,Binge_drinking_Z-Score_2010,Motor_vehicle_mortality_rate_2010,Motor_vehicle_95%_CI_Low_2010,Motor_vehicle_95%_CI_High_2010,Motor_vehicle_Z-Score_2010,Chlamydia_Cases_2010,Chlamydia_Population_2010,Chlamydia_Rate_per_100000_2010,Chlamydia_Z-Score_2010,Teen_Births_2010,Teen_Birth_Rate_2010,Teen_Birth_95%_CI_Low_2010,Teen_Birth_95%_CI_High_2010,Teen_Birth_Z-Score_2010,Uninsured_Adults_Percentage_2010,Uninsured_Adults_95%_CI_Low_2010,Uninsured_Adults_95%_CI_High_2010,Uninsured_Adults_Z-Score_2010,Primary_Care_Provider_Count_2010,Primary_Care_Provider_Rate_2010,Previous_Primary_Care_Population_2010,Previous_Primary_Care_Provider_Count_2010,Previous_Primary_Care_Provider_Rate_2010,Previous_Primary_Care_Z-Score_2010,Preventable_Hospital_Stays_Medicare_Enrollees_2010,Preventable_Hospital_Stays_ACSC_Rate_2010,Preventable_Hospital_Stays_95%_CI_Low_2010,Preventable_Hospital_Stays_95%_CI_High_2010,Preventable_Hospital_Stays_Z-Score_2010,Diabetic_Screening_Number_of_Diabetics_2010,Diabetic_Screening_Percentage_HbA1c_2010,Diabetic_Screening_95%_CI_Low_2010,Diabetic_Screening_95%_CI_High_2010,Diabetic_Screening_Z-Score_2010,Hospice_Use_Percentage_2010,Hospice_Use_95%_CI_Low_2010,Hospice_Use_95%_CI_High_2010,Hospice_Use_Z-Score_2010,High_School_Graduation_Enrollment_2010,High_School_Graduation_Diplomas_2010,High_School_Graduation_AFGR_2010,High_School_Graduation_Z-Score_2010,College_Degree_Percentage_2010,College_Degree_95%_CI_Low_2010,College_Degree_95%_CI_High_2010,College_Degree_Z-Score_2010,Unemployment_Percentage_2010,Unemployment_95%_CI_Low_2010,Unemployment_95%_CI_High_2010,Unemployment_Z-Score_2010,Children_in_Poverty_Percentage_2010,Children_in_Poverty_95%_CI_Low_2010,Children_in_Poverty_95%_CI_High_2010,Children_in_Poverty_Z-Score_2010,Income_Inequality_GINI_2010,Income_Inequality_Z-Score_2010,Social_Support_Sample_Size_2010,No_Social_Emotional_Support_Percentage_2010,No_Social_Emotional_Support_95%_CI_Low_2010,No_Social_Emotional_Support_95%_CI_High_2010,No_Social_Emotional_Support_95%_CI_High_2010,Single_Parent_Households_Percentage_2010,Single_Parent_Households_95%_CI_Low_2010,Single_Parent_Households_95%_CI_High_2010,Single_Parent_Households_Z-Score_2010,Violent_Crime_Aggregate_Population_2010,Violent_Crimes_Count_2010,Violent_Crime_Rate_2010,Violent_Crime_Z-Score_2010,Homicide_Rate_2010,Homicide_95%_CI_Low_2010,Homicide_95%_CI_High_2010,Homicide_95%_CI_High_2010,Air_Pollution_PM_Days_2010,Air_Pollution_PM_Z-Score_2010,Air_Pollution_Ozone_Days_2010,Air_Pollution_Ozone_Days_2010,Healthy_Food_Accessible_Zip_Codes_2010,Healthy_Food_Total_Zip_Codes_2010,Healthy_Food_Percentage_Access_2010,Healthy_Food_Access_Z-Score_2010,Liquor_Store_Population_2010,Liquor_Store_Count_2010,Liquor_Store_Rate_2010,Liquor_Store_Z-Score_2010
36001,New York,Albany,-0.06,27,-0.25,12,0.08,36,-0.14,18,-0.04,22,-0.16,4,-0.12,16,0.07,57,-0.02,24,0.00,30,-0.02,20,0.00,37,-0.09,9,-0.07,13,-0.04,12,-0.12,7,-0.03,23,0.00,32,0.08,55,0.02,47,0.04,54,182711,54045469,6099,6061,6138,,43927,16,16,17,,42820,3.5,3.4,3.6,,,,,,,,8,,,,43880,,,,,,,,,,,,16,,,,,,,,,,,28,,,,,,,,,,,,,,3500252,78,,,,,,,,,,,,,,,,,,,,,,,,,,,,,,,,,,,,10,,,,57858542,,,,,,,,,,,,,,,,,,,
36003,New York,Allegany,0.61,52,0.21,46,0.45,54,0.15,44,0.11,45,0.07,46,0.07,38,-0.05,9,0.10,52,0.00,30,0.05,56,-0.03,10,0.05,53,0.02,38,-0.02,17,0.08,46,0.06,54,-0.04,6,-0.01,30,-0.03,18,-0.01,24,3042,831746,6453,6122,6785,0.16,962,12,10,15,-0.74,927,2.6,2.1,3.1,-1.51,941,2.7,2.2,3.2,-1.02,22323,8,8,8,0.94,962,22,19,25,-0.22,26,22,30,0.00,953,18,15,22,0.60,7,6,8,-1.34,1022,297556,344,0.65,1688,20,19,21,-0.72,14,12,16,-0.59,389,130,297556,491,165,1.24,60306,76,74,78,-0.42,1993,84,82,86,0.24,36,34,39,1.62,3309,2444,74,-0.47,36,35,38,1.36,5,5,5,-1.18,15,13,17,-0.52,44,0.40,607,20,16,24,-0.15,10,9,11,0.13,897805,4607,513,1.52,,,,,4,0.65,6,0.20,20,78,26,-0.85,299637,54,1.8,0.93
36005,New York,Bronx,2.33,62,1.06,62,1.17,61,1.15,62,0.06,39,0.14,59,0.86,62,0.00,37,-0.06,18,-0.01,27,-0.07,2,0.19,62,-0.07,11,0.21,62,0.04,42,0.19,62,0.31,62,0.20,62,0.11,60,0.09,59,-0.09,1,547,139531,7126,6250,8002,0.91,202,17,12,25,0.83,201,4.2,2.8,5.6,1.19,197,3.9,2.5,5.3,0.85,3692,7,6,7,-0.66,200,28,20,37,1.01,26,20,32,0.00,200,18,12,26,0.42,19,15,24,1.38,55,50267,109,-0.74,398,22,20,24,-0.56,16,13,19,0.15,22,44,50267,28,56,-0.95,12626,85,80,90,0.26,511,86,83,89,0.72,18,13,23,-0.83,639,539,84,1.13,19,17,20,-0.65,7,6,7,0.82,23,20,27,0.98,41,-0.37,131,17,11,25,-0.76,8,6,9,-0.77,149155,338,227,-0.26,,,,,1,-0.54,1,-0.72,8,28,29,-0.69,49663,3,0.6,-1.23
36007,New York,Broome,0.25,40,-0.07,26,0.20,41,0.05,36,0.11,42,-0.12,10,-0.02,27,-0.03,13,0.05,45,0.06,46,-0.01,25,0.00,39,-0.03,18,-0.09,7,-0.01,28,-0.02,27,0.03,46,-0.01,22,-0.01,31,-0.04,2,0.01,37,14898,3906913,8426,8263,8590,2.35,1650,27,24,29,3.53,1588,4.4,3.8,4.9,1.47,1601,3.9,3.4,4.4,0.81,158015,10,9,10,2.86,1651,20,18,23,-0.58,25,22,29,-0.09,1628,13,11,16,-1.07,5,5,5,-1.84,14572,1361473,1070,4.97,18644,52,51,52,2.83,11,10,12,-1.39,1300,95,1361473,1444,106,0.06,148608,102,101,104,1.52,6986,68,67,69,-3.64,10,9,11,-1.87,,,,0.00,16,16,17,-0.89,7,7,8,1.94,38,36,40,3.59,48,1.58,874,33,29,37,2.60,23,22,23,5.49,4109578,26166,637,2.29,,,,,12,3.82,4,-0.17,24,26,92,2.84,1371353,115,0.8,-0.81
36009,New York,Cattaraugus,0.94,56,0.49,56,0.84,59,0.10,41,0.24,58,0.11,55,0.17,50,-0.03,15,0.12,55,0.12,58,0.01,32,0.00,34,-0.01,23,0.12,59,0.05,46,0.04,41,0.07,55,0.03,56,-0.02,28,-0.03,24,-0.01,27,2184,538534,6667,6253,7080,0.40,717,13,11,16,-0.46,698,3.4,2.8,4.0,-0.13,694,3.8,3.0,4.5,0.63,14733,7,7,8,0.21,717,25,21,30,0.53,27,23,32,0.59,709,18,15,22,0.51,9,8,11,-0.82,521,196269,266,0.19,1451,26,25,27,-0.08,16,14,18,0.12,219,112,196269,272,139,0.71,60362,61,59,63,-1.49,2337,84,82,85,0.25,28,26,31,0.54,2724,2119,78,0.13,25,24,26,0.05,6,6,6,-0.18,19,16,22,0.20,45,0.62,451,18,14,23,-0.51,10,8,11,0.01,588635,1348,229,-0.24,,,,,0,-0.93,1,-0.72,12,31,39,-0.13,196290,27,1.4,0.16
36011,New York,Cayuga,0.55,49,0.18,44,0.12,39,0.43,56,0.12,48,0.06,43,0.05,35,-0.05,8,0.10,51,0.00,30,0.02,43,0.00,40,0.04,48,0.01,37,0.07,54,-0.02,27,0.01,40,0.00,30,-0.02,24,-0.02,26,-0.03,14,1043,226269,7817,7119,8516,1.67,331,19,15,25,1.42,322,3.7,2.7,4.6,0.29,324,3.6,2.4,4.7,0.34,6741,7,6,7,-0.52,331,28,22,35,1.15,29,23,35,1.23,326,16,12,22,-0.10,14,11,18,0.32,75,81534,92,-0.85,758,33,30,35,0.67,14,11,16,-0.65,48,59,81534,67,82,-0.42,18006,111,107,116,2.22,719,83,80,86,0.06,21,17,25,-0.44,1325,993,75,-0.30,18,17,20,-0.68,6,6,7,0.45,24,20,28,1.03,41,-0.45,205,24,16,35,0.71,11,9,12,0.49,242022,529,219,-0.31,,,,,1,-0.54,2,-0.54,12,33,36,-0.26,80584,8,1.0,-0.53
36013,New York,Chautauqua,0.30,42,0.24,49,0.07,35,0.23,50,0.19,55,-0.06,15,0.05,34,0.07,55,-0.01,26,0.16,60,0.03,51,0.01,45,0.00,27,-0.06,14,0.02,35,-0.03,25,0.09,56,-0.03,14,0.00,34,0.07,57,-0.01,29,848,223231,6521,5854,7189,0.24,222,17,11,26,0.71,220,3.7,2.3,5.1,0.33,220,5.0,3.0,7.0,2.57,6006,7,7,8,0.35,223,27,20,36,0.97,26,20,32,0.00,220,22,15,30,1.59,10,7,13,-0.70,201,81243,247,0.08,582,28,25,30,0.10,14,12,16,-0.53,29,36,81243,29,36,-1.35,20652,79,75,82,-0.21,853,84,81,86,0.21,15,12,19,-1.22,982,712,73,-0.68,18,16,19,-0.75,6,5,6,-0.18,20,17,24,0.47,40,-0.81,137,20,13,29,-0.10,10,8,11,0.06,241055,489,203,-0.40,,,,,2,-0.14,1,-0.72,9,20,45,0.22,80352,6,0.7,-0.98
36015,New York,Chemung,1.17,60,0.19,45,0.09,37,1.08,61,0.09,41,-0.04,19,0.18,52,-0.04,10,0.01,38,0.06,46,-0.02,19,0.05,56,-0.06,12,0.02,41,0.07,51,-0.02,27,0.11,58,0.04,57,-0.01,32,-0.04,2,0.00,33,1477,371695,6428,5947,6910,0.13,547,18,14,22,0.86,529,4.3,3.3,5.2,1.27,534,3.7,2.7,4.7,0.50,10458,7,7,8,-0.15,544,22,18,27,-0.12,29,24,35,1.57,536,21,16,26,1.31,13,11,15,-0.05,300,135357,222,-0.08,1287,32,31,34,0.66,14,12,16,-0.59,88,65,135357,102,75,-0.55,31042,72,69,75,-0.71,1329,86,84,88,0.80,25,21,28,0.07,1941,1523,78,0.23,19,18,20,-0.62,6,5,6,-0.30,24,20,28,1.05,44,0.27,337,15,11,20,-1.13,10,8,11,0.07,403422,1067,264,-0.02,,,,,3,0.26,19,2.59,16,38,42,0.06,134382,16,1.2,-0.17
36017,New York,Chenango,0.31,43,0.13,38,0.26,43,0.04,35,0.04,35,-0.02,27,0.19,53,-0.08,2,-0.05,20,0.08,51,0.00,31,0.01,44,0.02,36,-0.04,18,0.05,47,0.08,46,0.00,39,0.06,60,0.00,37,-0.04,2,-0.04,9,978,243717,6468,5882,7053,0.18,302,21,16,26,1.87,293,5.0,3.8,6.2,2.54,297,5.7,4.1,7.4,3.74,7348,8,8,9,1.34,301,23,18,30,0.08,27,21,34,0.59,300,16,11,22,-0.25,10,8,13,-0.68,242,88641,273,0.23,913,41,38,43,1.60,11,9,13,-1.36,73,83,88641,88,99,-0.07,26125,90,87,94,0.66,1168,86,84,88,0.71,21,18,25,-0.35,1108,784,71,-0.94,21,19,23,-0.38,6,5,6,-0.18,25,21,29,1.22,45,0.60,197,23,16,33,0.59,12,10,14,0.95,264598,626,237,-0.19,,,,,0,-0.93,1,-0.72,7,17,41,0.01,88189,11,1.2,-0.07
36019,New York,Clinton,0.13,36,0.13,37,-0.03,28,0.17,45,0.01,29,0.05,41,0.07,37,0.00,38,-0.02,25,-0.01,27,0.06,61,-0.03,12,0.01,32,0.04,45,0.03,39,0.11,50,-0.02,30,-0.03,11,-0.02,26,-0.01,36,0.01,41,579,141671,6781,5946,7617,0.53,242,13,10,18,-0.41,235,4.6,2.7,6.5,1.83,239,3.0,2.1,3.9,-0.63,3839,7,6,8,-0.17,242,20,15,26,-0.53,27,21,35,0.76,238,14,9,21,-0.85,18,13,22,1.04,78,51787,151,-0.50,438,36,32,39,1.03,15,13,18,-0.10,28,55,51787,40,77,-0.52,14874,66,62,70,-1.13,644,84,81,87,0.22,19,15,23,-0.72,816,617,76,-0.20,17,16,19,-0.79,7,6,7,0.82,19,15,22,0.17,41,-0.37,145,28,19,39,1.60,11,9,14,0.75,,,,0.00,,,,,0,-0.93,1,-0.72,8,21,38,-0.16,51146,2,0.4,-1.62
36021,New York,Columbia,0.45,45,-0.08,23,0.63,58,-0.17,16,0.00,27,0.01,31,-0.11,17,0.03,48,-0.10,10,0.06,46,0.04,55,-0.01,33,0.08,55,-0.07,12,0.07,53,-0.12,7,-0.02,27,-0.01,25,-0.03,13,-0.01,35,0.04,50,821,231437,6245,5597,6892,-0.07,282,16,11,22,0.28,281,3.1,2.2,3.9,-0.72,279,3.7,2.7,4.7,0.55,5424,8,7,9,0.78,283,22,16,28,-0.20,25,20,32,-0.09,283,24,18,31,2.42,14,11,17,0.16,103,82166,125,-0.65,497,22,20,24,-0.56,16,13,18,0.06,69,84,82166,81,99,-0.09,19281,94,89,98,0.90,921,85,83,88,0.61,20,16,24,-0.59,1134,853,75,-0.26,22,20,24,-0.25,7,6,7,1.07,17,14,20,-0.18,42,-0.06,177,15,11,22,-1.12,9,8,11,-0.09,246143,522,212,-0.35,,,,,4,0.65,0,-0.90,8,26,31,-0.57,82101,10,1.2,-0.12
36023,New York,Cortland,0.62,53,0.16,41,0.42,53,0.20,48,0.03,32,0.05,42,0.11,45,-0.03,19,0.12,56,-0.05,17,-0.04,9,-0.01,29,0.00,26,0.06,50,0.03,41,0.08,46,0.00,37,0.00,36,-0.01,33,-0.04,2,0.02,45,762,173229,7438,6592,8285,1.25,263,13,8,18,-0.62,256,3.5,2.0,4.9,-0.06,254,3.0,2.0,4.0,-0.55,4268,7,6,8,-0.25,263,18,13,24,-1.00,27,22,33,0.59,257,21,15,28,1.37,15,11,18,0.34,117,62955,186,-0.29,366,27,24,30,0.02,19,16,21,0.95,28,45,62955,46,73,-0.60,16968,73,69,77,-0.65,589,83,80,86,0.06,35,30,41,1.47,917,593,65,-1.88,29,26,31,0.50,5,5,5,-1.18,15,12,18,-0.48,45,0.62,167,20,14,28,-0.14,9,7,11,-0.15,187897,292,155,-0.70,,,,,2,-0.14,4,-0.17,10,33,30,-0.59,62590,11,1.8,0.85
36025,New York,Delaware,0.22,39,0.24,48,0.33,45,-0.12,19,0.02,31,0.13,58,0.07,36,0.02,42,0.01,39,-0.01,25,0.05,57,-0.03,17,0.08,57,0.05,48,0.00,31,0.03,40,0.05,51,0.01,45,-0.03,19,-0.04,2,0.06,59,519,136572,7065,6169,7960,0.84,174,18,12,25,0.85,172,3.5,2.3,4.6,-0.06,173,3.6,2.5,4.8,0.39,3795,8,7,8,0.42,177,29,21,38,1.21,25,19,31,-0.47,177,15,9,22,-0.61,9,6,12,-0.89,127,48483,262,0.16,362,21,19,23,-0.62,15,12,17,-0.28,31,64,48483,44,91,-0.25,11066,103,97,109,1.56,437,87,84,91,1.09,23,18,29,-0.19,641,464,72,-0.70,24,22,27,0.01,7,6,7,0.82,19,15,22,0.13,41,-0.45,99,,,,0.00,10,8,12,0.06,145222,358,247,-0.13,,,,,0,-0.93,1,-0.72,5,12,42,0.04,48444,8,1.7,0.66
36027,New York,Dutchess,-0.78,11,-0.46,10,-0.38,15,-0.40,11,-0.18,10,-0.03,22,-0.23,9,-0.01,24,-0.07,14,-0.05,14,-0.03,15,-0.03,9,0.00,29,-0.03,20,-0.05,11,-0.08,14,-0.09,6,-0.01,24,0.01,46,0.00,38,-0.02,23,613,127399,6911,6033,7788,0.67,224,14,9,20,-0.31,218,3.8,2.7,4.9,0.58,212,3.1,2.1,4.0,-0.47,3093,7,6,8,-0.49,221,23,17,31,0.11,25,20,32,-0.13,223,17,12,24,0.17,21,16,26,1.79,49,46977,104,-0.77,292,24,21,27,-0.31,20,17,23,1.26,28,60,46977,40,85,-0.36,14739,95,90,100,1.01,542,75,71,79,-1.91,38,32,45,1.84,732,586,80,0.48,20,18,22,-0.50,6,6,6,0.32,22,18,26,0.68,43,-0.01,142,,,,0.00,11,8,13,0.39,139664,261,187,-0.50,,,,,0,-0.93,1,-0.72,6,35,17,-1.32,46494,9,1.9,1.17
36029,New York,Erie,0.83,55,0.00,28,0.49,56,0.34,54,-0.01,26,-0.16,5,0.10,44,0.07,56,-0.08,13,0.06,45,-0.03,17,0.04,54,-0.10,6,-0.05,15,-0.01,29,-0.01,32,0.04,48,-0.01,23,0.08,56,0.09,58,-0.02,19,2697,824612,5617,5318,5917,-0.76,808,9,7,12,-1.62,786,3.0,2.5,3.5,-0.87,796,3.0,2.5,3.6,-0.54,22502,7,6,7,-0.49,808,19,16,23,-0.72,24,21,29,-0.51,801,14,11,18,-0.78,12,10,13,-0.25,599,295146,203,-0.19,1268,16,16,17,-1.16,16,14,18,0.09,266,91,295146,315,107,0.07,67763,72,70,74,-0.72,2610,83,82,84,0.00,23,21,26,-0.07,3876,3077,79,0.38,31,29,32,0.69,5,5,5,-0.80,12,10,13,-1.10,41,-0.45,496,20,16,26,-0.02,9,8,10,-0.36,876966,2555,291,0.15,,,,,2,-0.14,6,0.20,19,39,49,0.43,292202,34,1.2,-0.22
36031,New York,Essex,-0.71,13,0.03,31,-0.16,22,-0.55,4,-0.19,8,0.10,52,0.04,32,0.08,62,-0.08,12,-0.13,4,0.04,54,-0.02,21,0.09,58,0.01,36,-0.02,24,0.12,51,-0.01,31,-0.05,4,0.00,37,0.00,37,0.08,61,10648,2546633,7197,6997,7397,0.99,2715,14,12,16,-0.20,2653,4.0,3.5,4.4,0.76,2671,3.5,3.1,3.8,0.14,73247,8,8,9,1.34,2708,19,17,21,-0.78,27,24,30,0.55,2678,17,15,19,0.22,8,7,8,-1.23,4350,921390,472,1.41,6608,29,28,30,0.27,12,10,13,-1.14,1159,125,921390,1381,150,0.94,152562,64,63,65,-1.32,5125,82,81,83,-0.23,21,20,23,-0.33,11247,8478,75,-0.24,28,27,28,0.38,6,6,6,-0.05,19,18,21,0.27,46,0.90,1683,19,16,21,-0.42,10,9,10,0.03,2757337,14518,527,1.60,,,,,6,1.44,16,2.04,45,87,52,0.59,918339,105,1.1,-0.26
36033,New York,Franklin,0.59,50,0.32,50,0.17,40,0.42,55,-0.02,24,0.04,39,0.27,58,0.04,50,-0.06,15,0.03,37,0.01,37,0.00,38,0.01,31,0.03,43,0.06,49,0.16,58,0.03,45,0.01,44,0.01,47,0.02,46,0.02,47,429,105723,6021,5155,6888,-0.32,166,12,7,19,-0.80,162,2.7,1.6,3.7,-1.43,162,3.7,2.3,5.1,0.52,2516,6,5,6,-1.89,166,19,13,27,-0.81,23,18,29,-1.27,164,19,12,29,0.80,16,12,21,0.75,47,38649,122,-0.67,218,25,22,28,-0.17,20,17,23,1.29,19,50,38649,31,80,-0.46,11919,80,75,85,-0.13,475,83,79,86,-0.10,20,15,26,-0.52,432,343,79,0.38,24,21,27,-0.07,7,7,7,1.19,18,14,21,-0.04,41,-0.45,108,13,7,23,-1.56,8,6,11,-0.54,,,,0.00,,,,,0,-0.93,10,0.93,7,30,23,-0.98,38307,10,2.6,2.39
36035,New York,Fulton,0.53,47,0.48,55,0.35,48,0.18,46,0.19,54,0.04,36,0.27,57,-0.01,28,0.15,59,0.00,34,0.01,34,0.03,50,0.01,30,0.03,42,0.08,56,0.13,53,0.05,52,0.02,53,-0.02,25,-0.02,26,0.01,44,546,141575,6618,5803,7433,0.34,176,17,12,24,0.62,171,3.3,2.0,4.5,-0.42,172,3.8,2.4,5.3,0.74,3378,9,8,10,1.64,176,20,14,28,-0.61,26,21,33,0.30,173,16,9,24,-0.32,16,12,21,0.77,51,50968,100,-0.80,395,33,30,37,0.75,16,14,19,0.24,40,80,50968,55,108,0.10,13769,82,77,87,0.02,638,80,77,83,-0.73,20,16,26,-0.49,758,571,75,-0.25,16,14,17,-0.98,7,7,7,1.57,20,17,24,0.45,42,-0.12,114,20,12,31,-0.11,11,9,13,0.50,151292,450,297,0.18,,,,,2,-0.14,10,0.93,8,22,36,-0.26,50427,8,1.6,0.54
36037,New York,Genesee,-0.20,25,0.09,35,-0.11,25,-0.09,22,0.11,43,0.10,54,-0.09,20,-0.03,17,0.03,41,0.07,49,0.02,42,-0.02,23,0.03,40,0.08,56,0.01,33,-0.02,27,-0.06,9,0.01,47,-0.03,15,-0.02,26,-0.01,25,666,150833,6931,6163,7700,0.69,192,19,13,26,1.28,190,4.7,2.8,6.5,1.96,190,3.6,2.2,4.9,0.33,4181,6,6,7,-0.87,192,30,23,39,1.49,26,20,33,0.04,190,16,10,24,-0.20,15,11,19,0.52,103,55435,186,-0.29,497,39,36,43,1.41,14,12,16,-0.50,32,58,55435,40,72,-0.62,14616,87,82,92,0.41,518,84,80,87,0.16,20,16,25,-0.55,830,606,73,-0.60,15,13,17,-1.04,7,7,7,1.32,21,18,25,0.63,43,0.18,113,18,11,29,-0.52,13,10,15,1.34,165065,338,205,-0.39,,,,,2,-0.14,1,-0.72,3,7,43,0.10,54952,9,1.6,0.63
36039,New York,Greene,1.09,59,0.15,39,1.14,60,-0.05,29,0.00,28,-0.04,20,0.18,51,0.01,39,0.07,46,-0.05,17,0.00,28,-0.02,22,0.06,54,-0.10,4,0.12,62,0.02,38,0.02,41,0.01,42,0.02,49,-0.04,12,0.04,53,574,162643,6116,5371,6861,-0.21,233,15,10,21,0.05,227,4.1,2.7,5.5,0.95,228,3.9,2.4,5.3,0.78,4602,6,5,7,-1.35,232,24,18,32,0.35,27,22,34,0.72,232,16,11,24,-0.15,17,13,21,0.97,114,58830,194,-0.24,353,23,20,25,-0.46,15,13,18,-0.16,32,55,58830,40,68,-0.70,10413,95,89,100,0.97,395,82,78,86,-0.22,17,13,23,-0.87,917,738,80,0.54,17,15,19,-0.84,6,6,6,-0.18,15,12,18,-0.52,39,-1.03,146,22,15,32,0.42,10,8,12,0.06,175335,289,165,-0.64,,,,,2,-0.14,1,-0.72,6,17,35,-0.32,58418,5,0.9,-0.78
36041,New York,Hamilton,-0.62,16,-0.17,18,-0.57,10,-0.05,30,-0.07,19,0.06,45,-0.19,10,0.03,44,0.00,30,-0.06,10,0.02,41,-0.03,13,0.18,62,-0.12,2,-0.13,6,0.07,45,-0.03,20,-0.04,8,-0.06,2,-0.04,12,0.06,58,677,136030,8362,7419,9305,2.28,186,10,6,15,-1.43,186,4.0,2.5,5.5,0.83,185,2.8,1.8,3.7,-0.93,3115,8,7,9,0.50,187,26,19,35,0.67,25,19,31,-0.47,186,12,7,19,-1.43,19,14,23,1.31,81,49822,163,-0.43,253,24,21,27,-0.32,16,14,19,0.21,19,39,49822,28,56,-0.94,12905,70,65,74,-0.88,499,85,82,88,0.50,36,30,44,1.63,676,435,64,-1.92,20,17,23,-0.49,6,6,6,0.20,18,14,21,-0.01,45,0.65,117,,,,0.00,10,8,13,0.29,147608,492,333,0.41,,,,,0,-0.93,2,-0.54,10,36,28,-0.73,49292,9,1.8,0.97
36043,New York,Herkimer,0.29,41,0.17,43,0.35,49,-0.06,27,-0.02,25,0.17,62,0.09,40,-0.07,3,0.00,28,-0.05,17,0.03,53,0.00,36,0.08,56,0.09,57,0.05,44,0.04,41,-0.02,28,0.00,28,0.02,48,-0.03,18,-0.04,7,69,13961,5281,3520,7615,-1.14,36,,,,0.00,35,,,,0.00,35,,,,0.00,287,7,4,10,-0.24,36,,,,0.00,24,18,32,-0.60,33,,,,0.00,16,3,30,0.77,2,5162,39,-1.16,,,,,0.00,30,26,34,3.00,3,59,5162,4,77,-0.51,2145,65,54,76,-1.21,100,88,82,94,1.23,32,19,53,1.00,39,39,100,3.00,21,18,24,-0.39,6,6,7,0.69,15,12,18,-0.50,43,0.24,28,,,,0.00,6,5,7,-1.44,15302,11,72,-1.22,,,,,0,-0.93,2,-0.54,2,11,18,-1.26,5090,1,2.0,1.22
36045,New York,Jefferson,-0.03,29,0.75,61,0.05,33,-0.07,26,0.44,62,0.04,37,0.24,55,0.03,47,0.22,62,0.10,56,0.05,59,0.07,60,0.05,49,-0.01,28,0.06,50,0.13,53,0.03,43,0.02,50,0.00,37,0.02,44,0.01,42,710,172311,6935,6180,7690,0.70,222,13,9,18,-0.59,216,3.7,2.5,4.8,0.29,217,4.0,2.7,5.3,0.96,4722,7,6,7,-0.64,221,23,16,31,-0.02,25,19,31,-0.47,220,20,14,28,1.12,14,11,18,0.27,75,63332,118,-0.69,501,31,29,34,0.54,17,15,20,0.55,24,38,63332,33,52,-1.02,16726,100,95,105,1.35,598,86,83,89,0.69,12,9,16,-1.56,890,677,76,-0.13,18,16,19,-0.77,6,6,7,0.45,18,15,21,0.01,40,-0.83,131,,,,0.00,9,7,11,-0.11,188081,621,330,0.39,,,,,1,-0.54,1,-0.72,9,17,53,0.66,62566,5,0.8,-0.88
36047,New York,Kings,0.98,58,0.35,51,0.39,52,0.59,60,-0.16,12,0.08,49,0.43,61,0.00,35,-0.12,7,-0.04,22,-0.08,1,0.08,61,-0.03,16,0.11,58,-0.02,20,0.01,35,0.24,60,0.09,61,0.11,58,0.05,54,-0.06,4,1075,327143,6393,5899,6888,0.10,405,14,11,18,-0.27,399,3.9,3.0,4.8,0.60,398,3.4,2.6,4.3,0.11,11647,7,6,7,-0.58,405,33,27,40,2.15,28,23,34,1.02,402,23,17,29,1.96,14,11,16,0.11,472,114264,413,1.06,1130,44,41,46,1.93,17,14,20,0.49,72,62,114264,90,79,-0.49,24142,82,78,85,0.02,1135,86,84,88,0.77,22,18,26,-0.29,1452,1061,73,-0.59,18,17,20,-0.67,7,7,7,1.32,20,17,23,0.36,43,0.05,261,18,11,28,-0.56,12,11,14,1.18,,,,0.00,,,,,2,-0.14,9,0.75,12,41,29,-0.65,117162,14,1.2,-0.17
36049,New York,Lewis,-0.40,19,0.22,47,0.11,38,-0.50,8,0.12,49,0.01,32,0.12,47,-0.04,12,0.01,35,0.08,51,0.06,60,-0.02,24,0.04,46,-0.03,23,0.01,32,0.12,51,0.06,53,-0.03,15,-0.04,12,-0.02,26,-0.02,21,24306,7091909,7009,6897,7121,0.78,3468,22,20,23,2.03,3347,3.7,3.4,4.0,0.33,3384,3.5,3.2,3.8,0.26,278735,9,8,9,1.66,3473,17,15,18,-1.24,25,22,27,-0.38,3420,12,11,14,-1.40,6,5,6,-1.66,15655,2508820,624,2.32,21503,35,35,36,0.96,16,14,17,0.00,3050,121,2508820,3375,135,0.63,328666,88,87,89,0.47,12479,76,75,77,-1.72,10,10,11,-1.78,,,,0.00,27,27,28,0.34,6,6,6,0.07,32,30,33,2.46,50,2.05,1907,30,27,33,2.05,13,13,13,1.41,7562505,48107,636,2.28,,,,,6,1.44,9,0.75,38,52,73,1.77,2523047,257,1.0,-0.48
36051,New York,Livingston,-1.14,4,-0.14,20,-0.49,12,-0.64,2,0.04,34,-0.03,23,-0.14,12,-0.01,27,-0.04,21,0.08,53,0.05,58,-0.05,4,0.00,28,-0.03,22,-0.02,22,0.02,38,-0.08,7,-0.02,17,-0.05,9,-0.03,18,0.02,49,283,73432,6501,5382,7619,0.21,135,16,10,25,0.53,130,2.4,1.4,3.5,-1.80,132,2.5,1.3,3.6,-1.39,2273,6,5,7,-1.19,135,23,15,33,0.05,27,21,35,0.76,134,,,,0.00,23,16,30,2.31,32,26685,120,-0.68,193,27,23,31,0.05,18,15,21,0.64,15,57,26685,26,97,-0.11,6397,82,75,89,0.03,279,84,80,89,0.31,30,23,41,0.83,430,357,83,0.93,14,12,17,-1.11,7,6,7,1.19,23,19,27,0.98,40,-0.70,87,,,,0.00,7,5,9,-1.03,79122,119,150,-0.73,,,,,2,-0.14,1,-0.72,4,17,24,-0.97,26413,1,0.4,-1.64
36053,New York,Madison,-0.24,23,-0.08,25,-0.27,19,0.03,34,0.12,47,-0.03,21,-0.13,14,-0.04,11,0.09,49,0.04,40,0.03,45,-0.03,11,-0.03,19,-0.01,31,-0.02,16,-0.01,32,-0.05,14,0.00,37,-0.05,5,-0.04,12,0.00,31,575,179851,5419,4779,6059,-0.98,210,11,8,16,-1.01,209,3.3,2.1,4.5,-0.38,208,2.2,1.4,3.0,-1.81,4509,6,5,6,-1.62,210,21,14,29,-0.40,28,22,35,0.81,208,20,13,31,1.17,17,13,20,0.79,95,64173,148,-0.51,304,13,12,15,-1.54,14,12,17,-0.43,36,57,64173,52,81,-0.44,9176,83,77,89,0.09,280,83,78,87,-0.02,35,28,43,1.39,860,691,80,0.52,23,21,24,-0.21,6,6,6,0.20,14,11,16,-0.71,39,-0.86,126,,,,0.00,8,6,9,-0.81,190144,218,115,-0.95,,,,,1,-0.54,1,-0.72,8,23,35,-0.35,63353,10,1.6,0.53
36055,New York,Monroe,0.04,31,-0.19,17,-0.08,26,0.12,42,0.04,36,-0.26,1,0.00,29,0.03,49,-0.02,23,0.03,39,-0.03,16,0.06,58,-0.14,2,-0.11,3,-0.04,13,-0.04,20,0.03,42,0.01,46,0.04,52,0.06,55,-0.03,17,699,196366,5818,5198,6437,-0.54,219,14,10,20,-0.19,213,3.5,2.3,4.7,-0.01,215,3.7,2.3,5.1,0.53,5170,7,6,8,0.00,219,27,19,36,0.87,27,21,34,0.42,217,17,11,25,0.23,16,13,20,0.77,117,70197,167,-0.40,475,19,18,21,-0.83,15,12,17,-0.28,51,73,70197,81,115,0.25,18459,73,69,77,-0.66,790,82,79,84,-0.31,19,15,23,-0.69,967,778,80,0.54,24,22,26,-0.05,6,6,6,-0.05,15,12,17,-0.57,42,-0.28,140,,,,0.00,10,8,12,0.16,209156,211,101,-1.04,,,,,0,-0.93,2,-0.54,8,24,33,-0.43,69732,7,1.0,-0.51
36057,New York,Montgomery,0.04,32,0.55,57,0.38,51,-0.35,12,0.32,59,-0.04,18,0.29,60,-0.01,26,0.14,58,0.15,59,-0.02,21,0.04,55,-0.02,21,-0.02,24,0.12,60,0.17,60,-0.02,29,0.02,52,0.00,37,-0.02,26,0.01,39,6814,2042446,6154,5949,6360,-0.17,2256,15,13,17,0.08,2212,3.5,3.1,3.9,0.02,2211,3.2,2.8,3.6,-0.25,62262,8,8,8,0.68,2251,22,19,24,-0.24,26,23,30,0.34,2235,16,14,19,-0.04,9,8,10,-0.98,4224,730807,578,2.04,5676,29,29,30,0.29,11,10,13,-1.33,1152,157,730807,1320,181,1.55,85768,66,64,67,-1.17,2437,85,84,87,0.59,36,34,39,1.63,9914,7456,75,-0.26,33,32,34,0.99,6,6,6,-0.43,19,17,20,0.15,45,0.57,1406,20,18,23,-0.05,11,10,11,0.47,2190646,8740,399,0.81,,,,,7,1.84,7,0.38,32,66,48,0.41,729921,69,0.9,-0.62
36059,New York,Nassau,-1.05,6,-1.13,1,-0.88,1,-0.17,17,-0.46,3,-0.14,7,-0.53,2,0.00,32,-0.16,5,-0.20,3,-0.05,7,-0.05,5,-0.13,4,-0.01,29,-0.19,1,-0.14,4,-0.14,4,-0.03,10,-0.02,21,0.01,42,-0.01,26,568,130970,6996,6158,7834,0.76,185,11,8,17,-0.96,179,2.8,1.9,3.8,-1.11,179,3.1,1.8,4.4,-0.47,4197,7,6,8,-0.45,185,30,21,40,1.42,29,23,37,1.49,185,13,8,20,-1.08,15,11,19,0.43,73,49112,149,-0.51,499,46,42,50,2.19,13,11,16,-0.71,32,66,49112,43,88,-0.31,14722,75,70,79,-0.51,533,82,79,85,-0.18,24,20,29,0.00,704,488,69,-1.16,14,13,16,-1.15,7,7,8,1.69,17,14,21,-0.06,41,-0.53,113,,,,0.00,11,9,13,0.72,,,,0.00,,,,,2,-0.14,1,-0.72,4,16,25,-0.89,48809,5,1.0,-0.47
36061,New York,New York,0.01,30,-0.48,9,-0.46,13,0.46,57,-0.51,2,-0.13,9,0.08,39,0.08,59,-0.12,8,-0.43,1,-0.02,18,0.07,59,-0.17,1,0.04,44,-0.18,2,-0.12,7,0.25,61,0.00,38,0.11,62,0.04,50,0.04,55,10517,3659560,4710,4577,4843,-1.77,2570,13,11,15,-0.53,2517,3.0,2.6,3.3,-0.90,2533,2.6,2.3,2.9,-1.24,111747,8,7,8,0.50,2562,15,13,17,-1.60,21,19,24,-2.00,2542,13,11,15,-1.07,9,8,9,-1.02,2419,1325662,183,-0.31,3783,12,12,13,-1.64,15,14,16,-0.16,2816,208,1325662,2935,221,2.37,317144,73,72,74,-0.66,9452,80,80,81,-0.61,21,20,23,-0.34,16584,14974,90,2.04,40,39,41,1.75,5,5,5,-1.43,6,5,6,-2.14,45,0.71,1550,22,19,25,0.35,6,5,6,-1.62,3940577,7468,190,-0.49,,,,,4,0.65,3,-0.35,60,106,57,0.86,1312756,200,1.5,0.43
36063,New York,Niagara,0.96,57,0.40,54,0.46,55,0.50,59,0.14,52,0.02,34,0.16,49,0.08,61,0.07,47,0.04,40,0.00,30,0.02,47,-0.03,17,0.05,46,0.02,34,0.13,53,-0.01,32,-0.02,20,0.04,53,0.12,62,-0.03,11,13985,4521347,5482,5359,5605,-0.91,3788,20,18,21,1.45,3685,3.6,3.3,3.9,0.14,3682,3.6,3.3,3.9,0.34,142147,8,8,8,1.36,3785,17,15,19,-1.23,15,14,17,-4.33,3742,20,18,22,1.04,4,4,5,-2.02,9605,1611581,596,2.15,8997,33,33,34,0.76,17,15,19,0.40,4553,283,1611581,4763,296,3.86,281298,70,69,71,-0.88,8054,72,71,73,-2.62,17,16,18,-0.89,,,,0.00,56,55,57,3.58,5,5,5,-1.18,28,26,30,1.77,60,4.82,2224,26,24,29,1.24,7,7,7,-1.06,4839772,30902,639,2.30,,,,,7,1.84,3,-0.35,43,164,26,-0.82,1612630,295,1.8,0.98
36065,New York,Oneida,0.81,54,0.02,29,0.34,47,0.47,58,-0.06,20,-0.01,29,0.10,43,-0.01,25,0.01,36,-0.05,14,-0.04,10,0.03,48,-0.06,13,0.05,47,0.02,38,-0.04,20,0.10,57,0.02,51,0.00,36,-0.02,32,0.00,36,2627,595779,7145,6749,7542,0.93,676,16,13,20,0.50,656,4.4,3.6,5.2,1.52,665,4.2,3.4,5.0,1.30,16527,8,7,8,0.83,673,26,22,31,0.73,27,22,32,0.42,668,18,14,22,0.44,11,9,13,-0.45,728,216130,337,0.61,1655,30,29,31,0.37,12,10,14,-1.20,111,52,216130,157,73,-0.61,40081,96,93,99,1.07,1563,83,81,85,0.06,26,23,29,0.26,2902,2284,79,0.27,19,18,20,-0.60,7,7,7,1.32,17,14,20,-0.17,42,-0.04,438,16,12,21,-0.87,10,9,11,0.20,645504,2618,406,0.85,,,,,9,2.63,16,2.04,12,23,52,0.62,215010,19,0.9,-0.73
36067,New York,Onondaga,0.21,38,-0.14,21,0.02,30,0.19,47,0.03,33,-0.19,2,0.04,33,-0.03,18,-0.06,15,0.07,49,-0.03,14,0.05,57,-0.12,5,-0.07,10,0.02,36,-0.07,17,0.03,44,0.02,49,0.05,54,0.01,40,-0.03,13,2581,637559,6926,6534,7318,0.69,746,14,12,17,-0.17,726,4.1,3.3,4.9,0.98,726,4.0,3.2,4.9,1.07,17764,8,8,9,1.39,746,23,20,27,0.06,24,20,29,-0.51,738,13,11,17,-0.99,11,9,12,-0.50,647,233954,277,0.25,1900,33,32,35,0.76,13,11,15,-0.74,206,89,233954,298,127,0.49,64812,84,81,86,0.15,2480,84,82,85,0.22,10,8,11,-1.87,3018,2312,77,-0.05,20,19,21,-0.44,6,5,6,-0.43,25,22,28,1.26,44,0.32,472,21,17,27,0.20,11,10,12,0.44,697095,1866,268,0.00,,,,,2,-0.14,2,-0.54,16,57,28,-0.72,232238,23,1.0,-0.54
36069,New York,Ontario,-1.13,5,-0.57,7,-0.43,14,-0.70,1,-0.17,11,-0.06,14,-0.28,8,-0.05,7,-0.16,6,0.00,30,0.02,40,-0.03,16,0.01,33,-0.07,9,-0.07,10,-0.08,14,-0.06,10,-0.02,19,-0.05,6,-0.04,15,-0.02,20,4520,1271023,6351,6089,6613,0.05,1362,14,12,16,-0.30,1330,3.6,3.2,4.1,0.21,1343,3.2,2.7,3.7,-0.27,39407,8,8,8,1.13,1361,20,17,23,-0.61,27,24,31,0.72,1346,16,13,19,-0.23,8,7,9,-1.04,2332,456777,511,1.64,3820,32,31,33,0.55,13,11,15,-0.87,626,138,456777,805,176,1.47,114012,63,62,65,-1.35,4209,86,85,87,0.82,19,17,21,-0.66,6159,4288,70,-1.12,30,30,31,0.68,5,5,5,-0.68,19,17,21,0.18,45,0.62,830,22,18,26,0.22,10,10,11,0.39,1365377,5668,415,0.91,,,,,2,-0.14,7,0.38,32,60,53,0.68,455138,42,0.9,-0.66
36071,New York,Orange,-0.28,21,0.06,33,-0.20,20,-0.08,24,0.05,38,0.09,50,-0.12,15,0.04,52,0.04,42,0.01,35,0.01,35,-0.01,28,0.03,41,0.06,52,-0.03,15,-0.04,20,-0.06,12,0.01,39,0.00,35,0.04,51,0.00,35,1033,288439,5532,5036,6027,-0.86,403,8,6,12,-1.84,395,2.6,1.9,3.3,-1.53,397,2.7,1.8,3.6,-1.04,7898,6,6,7,-1.30,403,15,11,21,-1.58,26,21,31,0.00,399,19,15,25,0.86,13,10,15,-0.11,160,104353,153,-0.48,553,21,19,23,-0.63,16,14,19,0.21,86,83,104353,108,103,0.01,17387,69,65,73,-0.93,488,87,84,90,0.96,25,21,30,0.15,1453,1205,83,0.92,29,27,31,0.50,5,5,5,-0.80,14,11,16,-0.75,42,-0.20,243,16,11,23,-0.96,10,8,12,0.22,310972,326,105,-1.01,,,,,1,-0.54,0,-0.90,9,21,43,0.10,103540,10,1.0,-0.58
36073,New York,Orleans,-0.46,17,0.40,53,-0.55,11,0.09,38,0.13,51,0.12,57,0.15,48,-0.01,31,0.10,53,0.03,36,-0.03,12,0.04,53,0.05,51,0.07,55,0.02,37,0.14,57,0.00,38,0.00,26,-0.02,29,0.03,48,-0.04,10,3217,1060470,5950,5682,6218,-0.40,838,16,13,21,0.51,821,3.6,3.0,4.2,0.12,818,3.1,2.6,3.7,-0.38,36423,7,6,7,-0.53,839,25,20,29,0.36,26,22,30,0.13,830,18,14,24,0.63,12,11,13,-0.25,716,376392,190,-0.26,2268,25,24,26,-0.22,16,15,18,0.21,263,71,376392,316,84,-0.38,67899,87,84,89,0.38,2923,80,79,81,-0.72,18,16,20,-0.84,4881,3884,80,0.40,26,25,27,0.19,6,5,6,-0.43,15,13,17,-0.50,40,-0.70,515,22,17,30,0.41,9,8,10,-0.20,1122199,2991,267,-0.01,,,,,2,-0.14,15,1.85,23,57,40,-0.04,374100,48,1.3,-0.01
36075,New York,Oswego,0.52,46,0.67,60,0.38,50,0.15,43,0.35,61,0.15,61,0.19,54,-0.02,20,0.19,61,0.09,55,0.08,62,-0.01,30,0.02,37,0.13,60,0.11,58,0.16,58,0.00,36,-0.03,13,-0.04,11,0.01,40,-0.03,15,407,120290,5313,4584,6042,-1.10,132,16,11,22,0.33,128,4.4,2.9,5.9,1.47,126,3.2,1.9,4.5,-0.27,3277,7,6,8,-0.32,132,28,20,38,1.02,26,20,33,0.25,131,12,7,20,-1.51,14,10,18,0.20,144,43213,333,0.59,392,35,31,38,0.93,15,12,17,-0.28,15,35,43213,16,37,-1.32,6280,103,95,111,1.58,242,86,82,91,0.83,21,15,28,-0.44,661,542,82,0.77,13,12,15,-1.24,7,7,7,1.44,19,16,23,0.26,40,-0.75,76,19,12,30,-0.25,10,7,12,0.11,127752,280,219,-0.30,,,,,4,0.65,8,0.57,4,10,40,-0.06,42579,2,0.5,-1.48
36077,New York,Otsego,-0.21,24,-0.22,15,-0.28,18,0.08,37,-0.13,13,0.04,40,-0.10,18,-0.03,14,0.00,29,-0.04,21,-0.03,11,-0.05,3,0.03,39,0.02,39,-0.02,21,-0.02,27,-0.01,33,-0.04,9,-0.02,22,-0.04,2,0.01,38,1393,346430,6992,6470,7515,0.76,381,19,14,24,1.14,373,3.9,3.0,4.9,0.70,374,2.5,1.8,3.2,-1.32,9728,8,7,8,0.47,382,32,26,38,1.90,28,22,34,0.89,378,23,18,29,2.13,18,15,21,1.16,163,123077,132,-0.61,1055,29,28,31,0.29,14,12,16,-0.50,50,41,123077,70,57,-0.92,27518,109,105,113,2.00,1198,83,81,86,0.13,15,13,18,-1.16,2020,1414,70,-1.06,15,14,16,-1.05,7,7,7,1.57,19,15,22,0.15,41,-0.50,234,15,10,20,-1.28,10,8,12,0.22,365256,508,139,-0.80,,,,,2,-0.14,7,0.38,12,26,46,0.28,121701,10,0.8,-0.84
36079,New York,Putnam,-1.38,1,-0.74,6,-0.85,3,-0.53,6,-0.26,7,0.06,44,-0.58,1,0.05,54,-0.12,9,-0.06,11,-0.01,23,-0.08,1,0.04,45,0.02,40,-0.16,3,-0.17,2,-0.20,1,-0.05,2,0.00,37,0.05,53,0.00,34,622,173076,5796,5085,6507,-0.57,263,12,8,17,-0.82,252,3.7,2.5,5.0,0.38,261,3.7,2.6,4.8,0.52,3840,7,7,8,0.34,262,23,17,29,-0.02,25,19,31,-0.43,259,11,7,16,-1.91,15,12,19,0.54,96,62583,153,-0.48,293,13,11,14,-1.58,21,18,24,1.72,90,144,62583,102,163,1.20,18244,88,84,93,0.51,511,80,77,84,-0.61,31,26,37,0.96,762,594,78,0.16,26,24,28,0.17,6,6,6,-0.18,18,15,21,0.03,41,-0.39,157,16,11,24,-0.93,8,6,11,-0.51,187682,358,191,-0.48,,,,,0,-0.93,1,-0.72,9,30,30,-0.61,62583,7,1.1,-0.30
36081,New York,Queens,-0.25,22,-0.20,16,-0.59,8,0.34,53,-0.30,6,0.08,48,0.03,31,0.00,36,-0.16,4,-0.10,5,-0.07,4,0.03,51,0.02,34,0.06,53,-0.02,19,-0.12,7,-0.01,34,0.06,59,0.11,59,0.07,56,-0.07,3,779,285116,4772,4276,5268,-1.70,254,9,6,14,-1.63,247,2.6,1.7,3.4,-1.55,246,2.7,1.8,3.5,-1.09,7942,7,6,7,-0.51,253,17,12,24,-1.17,24,19,30,-0.55,251,19,12,27,0.65,9,6,11,-1.00,65,100603,65,-1.01,136,6,5,7,-2.31,16,14,18,0.12,69,70,100603,73,73,-0.61,19675,74,70,78,-0.56,658,77,74,81,-1.36,20,16,25,-0.54,1398,1249,89,1.90,37,34,39,1.38,5,4,5,-1.68,5,4,6,-2.28,39,-1.05,149,18,11,28,-0.47,6,4,7,-1.70,,,,0.00,,,,,4,0.65,13,1.48,7,9,78,2.03,99285,24,2.4,2.04
36083,New York,Rensselaer,0.13,35,0.04,32,0.04,31,0.09,39,0.08,40,-0.02,26,-0.04,26,0.02,43,0.01,36,0.05,42,0.03,48,0.00,41,0.00,25,-0.02,25,0.05,48,-0.07,17,-0.05,13,0.01,41,0.02,50,0.01,43,0.01,40,18247,6333467,5239,5134,5343,-1.18,3057,21,19,23,1.86,2958,3.2,2.9,3.5,-0.58,2959,3.4,3.0,3.7,0.00,215302,8,8,8,1.05,3051,15,13,17,-1.61,23,21,26,-0.98,2991,13,12,15,-1.08,6,5,6,-1.68,10050,2255175,446,1.26,12526,27,26,27,0.01,18,16,19,0.61,2418,107,2255175,2613,116,0.26,317461,78,77,79,-0.29,10023,76,75,77,-1.64,14,13,15,-1.32,,,,0.00,28,28,29,0.41,5,5,5,-1.18,17,16,19,-0.08,43,-0.01,1745,32,29,35,2.45,9,9,9,-0.24,6791575,43240,637,2.29,,,,,7,1.84,10,0.93,64,79,81,2.21,2264661,215,0.9,-0.61
36085,New York,Richmond,0.11,34,-0.24,13,-0.15,23,0.26,51,-0.10,17,-0.10,13,-0.06,23,0.03,46,0.01,40,-0.05,17,-0.05,8,-0.02,19,-0.10,7,0.00,33,-0.02,23,-0.11,12,-0.06,11,0.00,33,0.11,61,0.11,61,-0.08,2,1632,431957,6376,5937,6816,0.08,494,13,10,17,-0.47,488,3.3,2.6,4.0,-0.26,490,4.0,3.0,5.0,1.02,12086,7,7,8,0.32,494,23,19,28,0.06,27,22,32,0.47,489,21,16,28,1.45,11,9,13,-0.39,382,155292,246,0.07,1062,28,26,29,0.11,14,12,16,-0.43,99,64,155292,132,85,-0.36,30587,91,88,95,0.73,1223,84,82,86,0.19,40,36,44,2.07,1815,1253,69,-1.21,26,24,27,0.13,5,5,5,-0.68,15,13,17,-0.50,40,-0.61,309,22,17,29,0.38,9,8,10,-0.11,464158,1556,335,0.42,,,,,2,-0.14,8,0.57,10,32,31,-0.54,154731,19,1.2,-0.11
36087,New York,Rockland,-1.04,8,-0.81,4,-0.80,5,-0.24,15,-0.35,4,-0.12,11,-0.34,6,-0.01,29,-0.19,1,-0.06,7,-0.07,5,-0.03,14,-0.09,10,-0.04,19,-0.12,7,-0.13,5,-0.04,17,-0.02,16,-0.03,17,0.03,48,-0.04,6,4547,1345667,6033,5794,6273,-0.30,807,16,13,19,0.30,784,3.6,2.9,4.2,0.14,794,3.4,2.8,4.0,0.04,40898,8,8,8,1.06,803,23,20,28,0.14,25,21,29,-0.47,795,15,12,19,-0.37,7,6,8,-1.45,860,477377,180,-0.32,2291,21,20,22,-0.64,12,10,14,-1.11,674,142,477377,707,148,0.90,57494,79,76,81,-0.22,1974,82,80,84,-0.20,22,19,24,-0.30,,,,0.00,27,26,28,0.31,5,5,5,-1.05,13,11,15,-0.82,43,0.10,481,22,17,27,0.25,9,8,10,-0.24,1435503,9161,638,2.30,,,,,7,1.84,19,2.59,12,14,86,2.47,478876,38,0.8,-0.89
36089,New York,St. Lawrence,0.60,51,0.61,59,0.51,57,0.09,40,0.22,56,0.15,60,0.26,56,-0.02,23,0.04,43,0.17,61,0.03,47,-0.01,26,0.02,35,0.13,61,0.07,52,0.17,60,0.05,50,0.01,43,-0.03,14,-0.04,15,0.02,48,2333,836538,4862,4581,5143,-1.60,620,16,11,21,0.27,601,2.7,2.0,3.3,-1.41,606,3.2,2.4,4.1,-0.21,32927,7,6,7,-0.53,620,14,11,17,-1.88,24,20,29,-0.64,613,12,8,16,-1.53,8,7,9,-1.14,589,294965,200,-0.21,1345,18,17,19,-0.95,13,11,14,-0.96,385,131,294965,414,140,0.75,61735,68,66,70,-1.00,2218,83,81,84,-0.10,20,18,23,-0.48,3406,2772,81,0.68,39,38,40,1.65,5,5,5,-1.30,14,12,16,-0.68,44,0.40,359,24,18,31,0.75,6,5,6,-1.63,887046,1591,179,-0.55,,,,,4,0.65,8,0.57,18,27,67,1.42,295927,36,1.2,-0.13
36091,New York,Saratoga,-1.18,2,-0.75,5,-0.76,6,-0.42,9,-0.12,14,-0.15,6,-0.50,3,0.01,41,-0.06,19,-0.02,24,0.00,27,-0.04,7,-0.05,15,-0.09,6,-0.08,9,-0.16,3,-0.16,2,-0.05,3,-0.05,7,0.02,45,0.00,32,1280,308965,7219,6635,7803,1.01,446,15,12,19,0.18,441,3.9,3.0,4.8,0.66,439,2.9,1.9,4.0,-0.68,8418,8,7,8,0.39,447,25,20,31,0.39,30,24,36,1.70,445,19,15,23,0.66,15,12,17,0.36,179,111284,161,-0.44,884,25,24,27,-0.14,15,12,18,-0.19,64,58,111284,84,75,-0.55,28662,123,119,127,3.08,1440,83,81,84,-0.11,32,29,37,1.10,1452,1055,73,-0.65,18,17,20,-0.68,7,7,7,1.69,22,18,26,0.78,41,-0.42,280,20,13,28,-0.19,11,9,13,0.57,329816,520,158,-0.68,,,,,1,-0.54,0,-0.90,12,47,26,-0.86,109920,14,1.3,-0.02
36093,New York,Schenectady,0.19,37,-0.26,11,0.28,44,-0.09,23,-0.03,23,-0.17,3,-0.05,24,0.00,33,0.00,27,-0.03,23,-0.03,13,0.03,49,-0.10,8,-0.07,11,0.00,30,-0.08,14,-0.03,25,-0.03,12,0.09,57,0.00,39,0.00,30,1808,602892,4935,4611,5258,-1.52,722,14,11,18,-0.11,709,3.2,2.5,3.8,-0.57,711,2.5,1.9,3.1,-1.40,17107,6,6,7,-1.05,720,20,17,24,-0.55,25,21,30,-0.17,717,18,15,22,0.44,10,9,12,-0.61,265,215473,123,-0.66,801,17,16,18,-1.13,13,11,14,-0.96,160,75,215473,228,106,0.06,38995,69,66,72,-0.94,1321,85,83,87,0.47,35,31,39,1.43,2787,2274,82,0.71,33,31,34,0.94,5,5,5,-1.55,7,6,9,-1.86,40,-0.70,444,15,11,19,-1.24,7,6,8,-0.92,643825,720,112,-0.97,,,,,3,0.26,7,0.38,10,21,48,0.36,214664,31,1.4,0.28
36095,New York,Schoharie,-0.39,20,0.06,34,0.02,29,-0.41,10,-0.10,16,0.08,47,0.09,42,0.00,34,0.00,30,-0.06,11,0.00,29,-0.05,6,0.09,59,-0.02,26,0.05,43,0.13,53,-0.03,22,0.00,29,-0.05,4,-0.04,2,0.04,52,1532,407245,6807,6326,7287,0.55,497,11,9,15,-1.00,490,3.0,2.2,3.8,-0.84,486,2.9,2.2,3.7,-0.68,12582,8,7,8,0.82,495,23,18,28,-0.03,25,20,31,-0.26,486,16,12,21,-0.13,8,6,10,-1.16,466,150440,310,0.45,1095,32,30,34,0.60,12,10,14,-1.08,163,110,150440,225,150,0.93,38371,73,71,76,-0.61,1255,85,83,87,0.51,33,29,36,1.13,1892,1394,74,-0.50,30,28,31,0.58,5,5,5,-0.80,16,13,18,-0.38,43,0.10,292,14,10,20,-1.42,10,9,12,0.34,449764,2458,547,1.73,,,,,3,0.26,4,-0.17,7,17,41,0.01,150213,18,1.2,-0.16
36097,New York,Schuyler,-1.05,7,0.16,40,-0.71,7,-0.34,13,-0.05,21,0.09,51,0.12,46,-0.01,30,0.00,30,-0.06,11,0.01,33,0.00,35,0.04,47,0.05,49,0.11,59,0.01,35,0.00,35,0.01,40,0.00,37,-0.04,2,0.04,51,332,88807,6342,5301,7383,0.04,129,13,8,22,-0.39,128,3.8,1.9,5.7,0.50,128,2.9,1.6,4.2,-0.79,2070,6,5,7,-1.72,129,,,,0.00,24,19,31,-0.55,129,14,8,24,-0.86,17,11,22,0.82,46,32196,143,-0.54,156,15,13,18,-1.31,17,15,20,0.55,8,25,32196,13,40,-1.25,8660,92,85,98,0.75,401,83,80,87,0.09,39,32,49,2.03,434,330,76,-0.14,18,15,20,-0.76,7,7,7,1.32,17,14,20,-0.11,39,-0.86,86,,,,0.00,9,7,12,-0.10,95969,94,98,-1.05,,,,,0,-0.93,1,-0.72,2,18,11,-1.65,31950,4,1.3,-0.06
36099,New York,Seneca,-0.17,26,0.16,42,-0.08,27,-0.10,21,0.23,57,-0.04,16,0.01,30,-0.03,16,0.00,30,0.20,62,0.03,49,0.01,43,0.05,52,-0.10,5,0.08,57,-0.03,25,-0.02,26,0.02,54,-0.04,10,-0.05,1,0.01,43,201,53111,5034,3996,6259,-1.41,77,17,9,29,0.63,75,3.2,1.4,5.0,-0.55,74,2.4,0.2,4.5,-1.56,1308,6,5,8,-0.97,77,,,,0.00,24,18,31,-0.55,75,,,,0.00,14,8,21,0.25,17,19415,88,-0.87,144,33,28,38,0.71,15,13,18,-0.07,7,37,19415,12,62,-0.83,4709,98,89,107,1.23,240,83,78,87,-0.11,27,18,40,0.39,197,132,67,-1.52,18,16,19,-0.74,6,5,6,0.07,19,15,23,0.18,40,-0.75,44,,,,0.00,10,9,11,0.25,,,,0.00,,,,,0,-0.93,1,-0.72,1,14,7,-1.87,19038,2,1.1,-0.43
36101,New York,Steuben,0.53,48,0.38,52,0.25,42,0.28,52,0.33,60,0.03,35,0.09,41,-0.07,4,0.18,60,0.11,57,0.03,50,0.00,42,-0.02,20,0.06,51,-0.01,26,0.04,41,0.05,49,0.03,55,-0.02,27,-0.03,18,-0.04,8,381,95557,6168,5224,7112,-0.15,119,,,,0.00,115,3.1,1.9,4.3,-0.67,116,3.7,1.7,5.7,0.50,2529,7,6,8,-0.39,118,,,,0.00,30,23,39,2.00,117,17,10,27,0.12,17,12,23,1.00,84,34724,242,0.05,218,29,25,32,0.21,17,14,19,0.27,9,26,34724,22,63,-0.79,6856,70,64,76,-0.86,307,91,88,94,2.02,25,19,33,0.14,425,294,69,-1.19,20,18,22,-0.48,6,5,6,-0.30,18,14,21,-0.03,39,-0.86,72,,,,0.00,12,9,14,0.85,102836,128,124,-0.89,,,,,0,-0.93,0,-0.90,3,8,38,-0.19,34238,5,1.5,0.31
36103,New York,Suffolk,-0.40,18,-0.53,8,-0.32,17,-0.07,25,-0.18,9,-0.03,24,-0.39,5,0.07,58,-0.06,17,-0.09,6,0.00,26,-0.02,18,-0.02,22,-0.01,30,-0.10,8,-0.11,12,-0.15,3,-0.02,21,-0.02,23,0.10,60,-0.02,18,1149,270165,6760,6183,7337,0.50,359,14,10,19,-0.22,350,4.0,3.1,4.9,0.87,357,4.0,3.0,5.1,1.05,7960,8,7,8,0.56,360,31,26,38,1.79,28,23,35,1.15,357,19,14,25,0.76,15,12,18,0.41,157,98236,160,-0.44,759,32,30,35,0.63,13,11,15,-0.71,69,71,98236,89,91,-0.25,26680,96,93,100,1.10,1164,84,82,86,0.22,22,18,26,-0.29,1413,1161,82,0.80,19,18,21,-0.55,6,6,6,0.45,21,18,24,0.59,43,0.05,224,25,19,33,1.04,10,8,11,0.02,291326,620,213,-0.34,,,,,1,-0.54,1,-0.72,15,28,54,0.69,97022,8,0.8,-0.84
36105,New York,Sullivan,1.50,61,0.57,58,1.29,62,0.21,49,0.13,50,0.12,56,0.28,59,0.04,51,0.13,57,-0.06,7,0.03,52,0.03,52,0.11,60,0.01,35,0.08,55,0.09,49,0.03,47,0.05,58,0.03,51,-0.03,23,0.07,60,13441,4132424,5721,5586,5856,-0.65,2979,13,12,15,-0.36,2925,3.2,2.9,3.5,-0.50,2928,3.2,2.8,3.5,-0.29,137569,7,7,7,0.20,2968,20,18,22,-0.59,23,21,26,-0.94,2946,17,15,19,0.14,12,11,12,-0.34,3192,1469715,217,-0.10,6325,19,18,19,-0.89,15,14,17,-0.13,1417,94,1469715,1683,115,0.23,298662,75,74,76,-0.50,10275,79,79,80,-0.89,26,25,27,0.24,19706,16731,85,1.22,31,31,32,0.76,5,5,5,-1.05,7,6,7,-1.96,42,-0.26,1782,23,20,26,0.44,7,7,7,-1.06,4371346,8851,202,-0.41,,,,,5,1.05,20,2.77,82,115,71,1.67,1456783,242,1.7,0.68
36107,New York,Tioga,-0.63,15,-0.22,14,-0.59,9,-0.04,31,0.04,37,-0.04,17,-0.16,11,-0.07,5,-0.03,22,0.08,54,-0.01,24,-0.01,32,0.03,43,-0.08,8,0.05,45,-0.06,19,-0.07,8,-0.02,18,-0.06,1,-0.04,2,-0.03,16,1029,210917,8644,7897,9390,2.59,245,15,9,22,0.03,239,3.5,2.5,4.5,0.01,242,3.9,2.6,5.2,0.86,6085,8,7,8,0.60,246,29,22,37,1.30,24,19,30,-0.64,243,15,10,23,-0.34,20,16,24,1.61,204,76588,266,0.19,655,36,33,39,1.08,20,18,23,1.38,41,54,76588,49,64,-0.78,18251,81,76,85,-0.07,681,84,81,86,0.19,19,16,24,-0.62,939,654,70,-1.11,20,18,22,-0.51,7,6,7,0.94,20,17,23,0.41,43,0.07,151,28,19,38,1.52,10,8,13,0.35,227450,817,359,0.57,,,,,0,-0.93,4,-0.17,13,56,23,-0.98,75754,17,2.2,1.73
36109,New York,Tompkins,-1.18,3,-0.83,3,-0.88,2,-0.30,14,-0.30,5,0.02,33,-0.49,4,-0.06,6,-0.17,2,-0.01,25,-0.06,6,-0.05,2,0.14,61,-0.13,1,-0.15,4,-0.22,1,-0.03,24,-0.05,5,-0.05,8,-0.04,2,-0.02,22,514,142546,5250,4565,5935,-1.17,242,10,7,14,-1.31,234,3.4,2.3,4.6,-0.11,237,3.2,2.0,4.4,-0.32,4103,8,7,9,0.67,240,22,16,28,-0.26,28,22,35,0.85,240,14,9,21,-0.71,15,11,19,0.41,52,51285,101,-0.79,391,31,28,34,0.52,15,13,18,-0.13,21,41,51285,33,64,-0.77,13359,68,64,73,-0.98,543,84,81,87,0.16,31,25,38,0.88,802,593,74,-0.46,20,18,22,-0.46,5,5,6,-0.55,15,12,17,-0.57,39,-0.94,165,18,12,27,-0.48,9,7,11,-0.28,151764,99,65,-1.26,,,,,0,-0.93,1,-0.72,7,14,50,0.50,50565,5,1.0,-0.54
36111,New York,Ulster,0.04,33,0.02,30,0.04,32,0.01,33,0.11,44,-0.02,28,-0.13,13,0.05,53,0.08,48,0.05,42,0.01,38,-0.02,20,-0.01,24,0.00,32,-0.02,18,-0.04,20,-0.03,21,-0.04,7,0.00,45,-0.01,34,0.06,57,670,285777,4718,4211,5225,-1.76,372,12,9,17,-0.77,363,2.8,2.1,3.5,-1.17,365,3.4,2.5,4.3,0.08,6137,7,6,7,-0.55,372,14,11,19,-1.73,25,20,31,-0.13,366,12,9,17,-1.35,9,6,11,-1.02,229,100407,228,-0.04,357,8,7,9,-2.10,27,24,31,3.60,103,103,100407,139,138,0.71,18596,64,61,68,-1.28,564,89,87,92,1.52,32,27,38,1.07,1043,786,75,-0.24,53,50,56,3.17,4,4,4,-2.18,13,11,16,-0.78,47,1.20,237,18,13,26,-0.52,6,5,7,-1.57,301770,343,114,-0.96,,,,,0,-0.93,1,-0.72,6,15,40,-0.06,100509,9,0.9,-0.71
36113,New York,Warren,-0.70,14,-0.14,19,-0.19,21,-0.51,7,0.01,30,-0.11,12,-0.07,22,0.03,45,0.05,44,-0.05,14,0.02,44,-0.01,27,-0.06,14,-0.05,17,-0.01,25,-0.01,32,-0.04,15,0.00,27,0.00,37,-0.02,26,0.05,56,1888,508877,6377,5953,6801,0.08,561,13,10,17,-0.44,549,3.3,2.6,3.9,-0.38,538,3.9,3.0,4.7,0.77,12610,7,7,8,0.06,561,26,22,31,0.76,27,22,32,0.47,556,17,13,22,0.29,14,12,16,0.25,360,182742,197,-0.22,933,21,19,22,-0.67,17,15,19,0.37,157,87,182742,242,132,0.59,46564,77,74,79,-0.35,1758,80,78,82,-0.71,25,22,28,0.16,2916,2236,77,-0.04,29,27,30,0.48,6,5,6,-0.43,15,13,18,-0.45,43,0.13,327,18,13,23,-0.64,8,6,9,-0.85,545266,1528,280,0.08,,,,,0,-0.93,8,0.57,13,57,23,-1.01,181820,37,2.0,1.35
36115,New York,Washington,0.32,44,0.13,36,0.34,46,-0.02,32,0.16,53,0.04,38,-0.05,25,-0.02,21,0.10,54,0.05,42,0.02,39,-0.01,31,0.05,50,-0.01,27,0.12,61,-0.04,20,-0.03,19,-0.06,1,-0.03,16,-0.01,33,-0.01,28,705,180545,5965,5310,6619,-0.38,233,11,7,18,-0.96,226,3.0,1.8,4.1,-0.92,228,2.2,1.5,2.9,-1.87,4493,7,6,7,-0.69,232,25,18,33,0.48,24,19,31,-0.51,226,19,13,26,0.67,14,11,18,0.27,100,66087,151,-0.49,411,27,24,29,-0.01,15,13,18,-0.07,83,127,66087,106,160,1.15,16040,79,74,83,-0.21,488,89,86,92,1.46,25,20,30,0.09,973,759,78,0.16,25,23,27,0.10,6,6,6,-0.05,15,12,17,-0.55,42,-0.12,146,19,12,28,-0.32,10,8,12,0.19,,,,0.00,,,,,2,-0.14,1,-0.72,9,23,39,-0.10,65843,15,2.3,1.79
36117,New York,Wayne,-0.04,28,0.00,27,0.06,34,-0.10,20,0.12,46,-0.03,25,-0.02,28,-0.08,1,0.09,50,-0.01,27,0.03,46,0.01,46,0.02,38,-0.05,16,0.03,40,0.01,35,-0.04,16,0.01,48,-0.03,18,-0.03,25,-0.05,5,684,173690,6916,6146,7685,0.67,222,17,11,24,0.62,218,4.0,2.8,5.1,0.76,216,2.6,1.6,3.6,-1.20,4475,7,6,8,-0.18,224,28,21,35,1.03,27,21,33,0.47,219,14,9,22,-0.71,19,15,23,1.36,73,63368,115,-0.71,429,30,27,33,0.39,15,13,18,-0.13,24,39,63368,29,46,-1.15,14691,85,80,90,0.25,549,90,87,92,1.67,19,15,24,-0.70,1063,705,66,-1.62,18,16,20,-0.74,6,5,6,-0.43,18,14,21,-0.03,38,-1.22,143,11,6,18,-2.12,9,7,10,-0.38,187316,317,169,-0.61,,,,,3,0.26,1,-0.72,6,20,30,-0.61,62425,5,0.8,-0.88
36119,New York,Westchester,-0.91,9,-0.95,2,-0.85,3,-0.06,28,-0.53,1,-0.13,8,-0.30,7,0.01,40,-0.17,3,-0.28,2,-0.07,3,-0.02,25,-0.13,3,0.00,34,-0.14,5,-0.13,5,-0.04,18,0.00,34,0.00,44,0.04,52,-0.03,12,1001,259559,6414,5835,6994,0.12,320,12,9,17,-0.68,316,4.0,2.9,5.2,0.90,317,3.6,2.6,4.5,0.33,7827,7,6,7,-0.77,321,27,22,33,0.91,25,20,31,-0.09,317,16,11,22,-0.23,19,15,22,1.25,210,92889,226,-0.05,723,32,30,35,0.65,14,12,16,-0.43,43,47,92889,53,57,-0.92,14695,82,77,86,0.02,470,88,85,91,1.20,31,26,36,0.86,1540,1161,75,-0.24,21,20,23,-0.35,6,6,6,0.07,16,13,19,-0.29,40,-0.81,199,22,16,30,0.35,10,9,12,0.22,274929,497,181,-0.54,,,,,2,-0.14,0,-0.90,12,22,55,0.75,91598,5,0.5,-1.34
36121,New York,Wyoming,-0.71,12,-0.08,24,-0.11,24,-0.60,3,-0.09,18,0.10,53,-0.07,21,-0.02,22,-0.09,11,0.03,37,0.01,36,-0.04,8,0.03,42,0.07,54,-0.01,27,0.06,44,-0.09,5,0.00,31,-0.02,20,-0.03,18,0.02,46,7348,2642365,4772,4617,4926,-1.70,1950,13,11,15,-0.50,1913,2.9,2.5,3.4,-0.94,1931,3.0,2.6,3.4,-0.58,87658,8,8,8,0.70,1950,14,12,17,-1.73,19,17,22,-2.76,1926,12,10,15,-1.35,7,6,7,-1.43,2485,949355,262,0.16,4099,20,19,20,-0.78,16,15,17,0.09,2072,219,949355,2290,241,2.77,208051,65,64,66,-1.21,5752,76,75,78,-1.58,16,15,18,-1.02,11219,8969,80,0.46,45,44,46,2.28,5,5,5,-1.30,9,8,11,-1.47,54,3.01,1154,24,21,28,0.80,8,7,8,-0.76,2847124,7847,276,0.05,,,,,3,0.26,13,1.48,61,85,72,1.70,948080,141,1.5,0.36
36123,New York,Yates,-0.87,10,-0.12,22,-0.34,16,-0.53,5,-0.11,15,0.00,30,-0.10,19,0.08,60,0.00,30,-0.06,7,-0.01,22,-0.03,15,0.03,44,-0.03,21,-0.04,14,-0.12,7,0.11,59,0.00,35,-0.06,3,-0.04,15,0.12,62,405,119087,6114,5267,6960,-0.21,159,12,8,20,-0.64,150,2.4,1.3,3.5,-1.83,154,4.0,2.1,5.8,0.97,2957,5,4,6,-2.26,160,18,12,26,-0.92,26,21,34,0.30,159,15,9,22,-0.57,17,13,22,1.00,43,42613,101,-0.79,203,21,18,24,-0.67,16,13,19,0.03,26,62,42613,31,73,-0.61,6537,91,84,98,0.71,178,80,74,86,-0.77,20,15,27,-0.56,432,370,86,1.33,15,13,16,-1.10,6,6,7,0.57,14,11,16,-0.75,37,-1.55,109,23,15,33,0.47,8,6,10,-0.49,126398,239,189,-0.49,,,,,1,-0.54,1,-0.72,5,19,26,-0.81,42153,5,1.2,-0.18
,,,,,,,,,,,,,,,,,,,,,,,,,,,,,,,,,,,,,,,,,,,,,256,67840,5696,4632,6932,-0.68,111,,,,0.00,110,2.7,1.5,3.9,-1.39,108,3.2,1.3,5.1,-0.29,2077,6,5,7,-1.81,111,,,,0.00,24,18,31,-0.64,108,14,8,23,-0.94,15,9,20,0.36,47,24732,190,-0.26,150,19,16,22,-0.87,16,13,19,0.21,16,65,24732,20,81,-0.44,5290,69,62,76,-0.90,179,79,73,85,-0.88,27,20,38,0.44,264,222,84,1.09,21,18,24,-0.38,5,5,5,-1.18,26,21,31,1.44,43,0.21,65,,,,0.00,10,7,12,0.05,73490,55,75,-1.20,,,,,1,-0.54,0,-0.90,2,10,20,-1.16,24403,8,3.3,3.60